{
    "version" : 1,
    "intensity" : 0,
    "info" : {
        "face" : "Arial",
        "width" : 512,
        "height" : 256
    },
    "chars" : {
        "32" : {
            "id" : 32,
            "letter" : " ",
            "x" : 443,
            "y" : 35,
            "width" : 32,
            "height" : 32,
            "xadvance" : 8.890625,
            "xoffset" : 0.166666666667,
            "yoffset" : 0.166666666667,
            "scale" : 24,
            "range" : 0.166666666667
        },
        "33" : {
            "id" : 33,
            "letter" : "!",
            "x" : 477,
            "y" : 35,
            "width" : 32,
            "height" : 32,
            "xadvance" : 8.890625,
            "xoffset" : 10.7786458333,
            "yoffset" : 3.81770833333,
            "scale" : 1.04774897681,
            "range" : 3.81770833333,
            "bounds" : [ 
                2.75, 
                0, 
                6.234375, 
                22.90625
            ]
        },
        "34" : {
            "id" : 34,
            "letter" : "\"",
            "x" : 1,
            "y" : 69,
            "width" : 32,
            "height" : 32,
            "xadvance" : 11.359375,
            "xoffset" : -0.0703125,
            "yoffset" : -13.2578125,
            "scale" : 2.86033519553,
            "range" : 1.3984375,
            "bounds" : [ 
                1.46875, 
                14.796875, 
                9.859375, 
                22.90625
            ]
        },
        "35" : {
            "id" : 35,
            "letter" : "#",
            "x" : 35,
            "y" : 69,
            "width" : 32,
            "height" : 32,
            "xadvance" : 17.796875,
            "xoffset" : 6.93229166667,
            "yoffset" : 4.33854166667,
            "scale" : 1.01319261214,
            "range" : 3.94791666667,
            "bounds" : [ 
                0.328125, 
                -0.390625, 
                17.390625, 
                23.296875
            ]
        },
        "36" : {
            "id" : 36,
            "letter" : "$",
            "x" : 69,
            "y" : 69,
            "width" : 32,
            "height" : 32,
            "xadvance" : 17.796875,
            "xoffset" : 10.15625,
            "yoffset" : 8.015625,
            "scale" : 0.847682119205,
            "range" : 4.71875,
            "bounds" : [ 
                1.140625, 
                -3.296875, 
                16.296875, 
                25.015625
            ]
        },
        "37" : {
            "id" : 37,
            "letter" : "%",
            "x" : 103,
            "y" : 69,
            "width" : 32,
            "height" : 32,
            "xadvance" : 28.453125,
            "xoffset" : 2.24479166667,
            "yoffset" : 5.19010416667,
            "scale" : 0.97461928934,
            "range" : 4.10416666667,
            "bounds" : [ 
                1.859375, 
                -0.84375, 
                26.484375, 
                23.296875
            ]
        },
        "38" : {
            "id" : 38,
            "letter" : "&",
            "x" : 137,
            "y" : 69,
            "width" : 32,
            "height" : 32,
            "xadvance" : 21.34375,
            "xoffset" : 4.89322916667,
            "yoffset" : 4.50260416667,
            "scale" : 1.00721311475,
            "range" : 3.97135416667,
            "bounds" : [ 
                1.375, 
                -0.53125, 
                20.609375, 
                23.296875
            ]
        },
        "39" : {
            "id" : 39,
            "letter" : "'",
            "x" : 171,
            "y" : 69,
            "width" : 32,
            "height" : 32,
            "xadvance" : 6.109375,
            "xoffset" : 2.3984375,
            "yoffset" : -13.4453125,
            "scale" : 2.95953757225,
            "range" : 1.3515625,
            "bounds" : [ 
                1.40625, 
                14.796875, 
                4.609375, 
                22.90625
            ]
        },
        "40" : {
            "id" : 40,
            "letter" : "(",
            "x" : 205,
            "y" : 69,
            "width" : 32,
            "height" : 32,
            "xadvance" : 10.65625,
            "xoffset" : 14.3020833333,
            "yoffset" : 11.7395833333,
            "scale" : 0.799167533819,
            "range" : 5.00520833333,
            "bounds" : [ 
                1.9375, 
                -6.734375, 
                9.5, 
                23.296875
            ]
        },
        "41" : {
            "id" : 41,
            "letter" : ")",
            "x" : 239,
            "y" : 69,
            "width" : 32,
            "height" : 32,
            "xadvance" : 10.65625,
            "xoffset" : 14.3020833333,
            "yoffset" : 11.7395833333,
            "scale" : 0.799167533819,
            "range" : 5.00520833333,
            "bounds" : [ 
                1.9375, 
                -6.734375, 
                9.5, 
                23.296875
            ]
        },
        "42" : {
            "id" : 42,
            "letter" : "*",
            "x" : 273,
            "y" : 69,
            "width" : 32,
            "height" : 32,
            "xadvance" : 12.453125,
            "xoffset" : 0.721354166667,
            "yoffset" : -11.5364583333,
            "scale" : 2.32375189107,
            "range" : 1.72135416667,
            "bounds" : [ 
                1, 
                13.546875, 
                11.328125, 
                23.296875
            ]
        },
        "43" : {
            "id" : 43,
            "letter" : "+",
            "x" : 307,
            "y" : 69,
            "width" : 32,
            "height" : 32,
            "xadvance" : 18.6875,
            "xoffset" : 0.75,
            "yoffset" : -1.1796875,
            "scale" : 1.58513931889,
            "range" : 2.5234375,
            "bounds" : [ 
                1.78125, 
                3.703125, 
                16.90625, 
                18.84375
            ]
        },
        "44" : {
            "id" : 44,
            "letter" : ",",
            "x" : 341,
            "y" : 69,
            "width" : 32,
            "height" : 32,
            "xadvance" : 8.890625,
            "xoffset" : 0.8046875,
            "yoffset" : 5.8203125,
            "scale" : 3.10303030303,
            "range" : 1.2890625,
            "bounds" : [ 
                2.65625, 
                -4.53125, 
                6.046875, 
                3.203125
            ]
        },
        "45" : {
            "id" : 45,
            "letter" : "-",
            "x" : 375,
            "y" : 69,
            "width" : 32,
            "height" : 32,
            "xadvance" : 10.65625,
            "xoffset" : 0.424479166667,
            "yoffset" : -2.52864583333,
            "scale" : 2.77757685353,
            "range" : 1.44010416667,
            "bounds" : [ 
                1.015625, 
                6.875, 
                9.65625, 
                9.703125
            ]
        },
        "46" : {
            "id" : 46,
            "letter" : ".",
            "x" : 409,
            "y" : 69,
            "width" : 32,
            "height" : 32,
            "xadvance" : 8.890625,
            "xoffset" : -2.37239583333,
            "yoffset" : 0.533854166667,
            "scale" : 7.49268292683,
            "range" : 0.533854166667,
            "bounds" : [ 
                2.90625, 
                0, 
                6.109375, 
                3.203125
            ]
        },
        "47" : {
            "id" : 47,
            "letter" : "/",
            "x" : 443,
            "y" : 69,
            "width" : 32,
            "height" : 32,
            "xadvance" : 8.890625,
            "xoffset" : 11.3463541667,
            "yoffset" : 4.33854166667,
            "scale" : 1.01319261214,
            "range" : 3.94791666667,
            "bounds" : [ 
                0, 
                -0.390625, 
                8.890625, 
                23.296875
            ]
        },
        "48" : {
            "id" : 48,
            "letter" : "0",
            "x" : 477,
            "y" : 69,
            "width" : 32,
            "height" : 32,
            "xadvance" : 17.796875,
            "xoffset" : 6.796875,
            "yoffset" : 4.2890625,
            "scale" : 1.02605210421,
            "range" : 3.8984375,
            "bounds" : [ 
                1.328125, 
                -0.390625, 
                16.265625, 
                23
            ]
        },
        "49" : {
            "id" : 49,
            "letter" : "1",
            "x" : 1,
            "y" : 103,
            "width" : 32,
            "height" : 32,
            "xadvance" : 17.796875,
            "xoffset" : 7.63020833333,
            "yoffset" : 3.83333333333,
            "scale" : 1.04347826087,
            "range" : 3.83333333333,
            "bounds" : [ 
                3.484375, 
                0, 
                11.921875, 
                23
            ]
        },
        "50" : {
            "id" : 50,
            "letter" : "2",
            "x" : 35,
            "y" : 103,
            "width" : 32,
            "height" : 32,
            "xadvance" : 17.796875,
            "xoffset" : 6.79552083333,
            "yoffset" : 3.83333333333,
            "scale" : 1.04347826087,
            "range" : 3.83333333333,
            "bounds" : [ 
                0.96625, 
                0, 
                16.109375, 
                23
            ]
        },
        "51" : {
            "id" : 51,
            "letter" : "3",
            "x" : 69,
            "y" : 103,
            "width" : 32,
            "height" : 32,
            "xadvance" : 17.796875,
            "xoffset" : 6.76041666667,
            "yoffset" : 4.30729166667,
            "scale" : 1.02536715621,
            "range" : 3.90104166667,
            "bounds" : [ 
                1.34375, 
                -0.40625, 
                16.34375, 
                23
            ]
        },
        "52" : {
            "id" : 52,
            "letter" : "4",
            "x" : 103,
            "y" : 103,
            "width" : 32,
            "height" : 32,
            "xadvance" : 17.796875,
            "xoffset" : 6.94270833333,
            "yoffset" : 3.81770833333,
            "scale" : 1.04774897681,
            "range" : 3.81770833333,
            "bounds" : [ 
                0.40625, 
                0, 
                16.25, 
                22.90625
            ]
        },
        "53" : {
            "id" : 53,
            "letter" : "5",
            "x" : 137,
            "y" : 103,
            "width" : 32,
            "height" : 32,
            "xadvance" : 17.796875,
            "xoffset" : 6.40104166667,
            "yoffset" : 4.22135416667,
            "scale" : 1.04418762746,
            "range" : 3.83072916667,
            "bounds" : [ 
                1.328125, 
                -0.390625, 
                16.515625, 
                22.59375
            ]
        },
        "54" : {
            "id" : 54,
            "letter" : "6",
            "x" : 171,
            "y" : 103,
            "width" : 32,
            "height" : 32,
            "xadvance" : 17.796875,
            "xoffset" : 6.828125,
            "yoffset" : 4.2890625,
            "scale" : 1.02605210421,
            "range" : 3.8984375,
            "bounds" : [ 
                1.203125, 
                -0.390625, 
                16.328125, 
                23
            ]
        },
        "55" : {
            "id" : 55,
            "letter" : "7",
            "x" : 205,
            "y" : 103,
            "width" : 32,
            "height" : 32,
            "xadvance" : 17.796875,
            "xoffset" : 6.14322916667,
            "yoffset" : 3.76822916667,
            "scale" : 1.06150656531,
            "range" : 3.76822916667,
            "bounds" : [ 
                1.515625, 
                0, 
                16.34375, 
                22.609375
            ]
        },
        "56" : {
            "id" : 56,
            "letter" : "8",
            "x" : 239,
            "y" : 103,
            "width" : 32,
            "height" : 32,
            "xadvance" : 17.796875,
            "xoffset" : 6.75,
            "yoffset" : 4.2890625,
            "scale" : 1.02605210421,
            "range" : 3.8984375,
            "bounds" : [ 
                1.296875, 
                -0.390625, 
                16.390625, 
                23
            ]
        },
        "57" : {
            "id" : 57,
            "letter" : "9",
            "x" : 273,
            "y" : 103,
            "width" : 32,
            "height" : 32,
            "xadvance" : 17.796875,
            "xoffset" : 6.734375,
            "yoffset" : 4.2890625,
            "scale" : 1.02605210421,
            "range" : 3.8984375,
            "bounds" : [ 
                1.328125, 
                -0.390625, 
                16.390625, 
                23
            ]
        },
        "58" : {
            "id" : 58,
            "letter" : ":",
            "x" : 307,
            "y" : 103,
            "width" : 32,
            "height" : 32,
            "xadvance" : 8.890625,
            "xoffset" : 6.5703125,
            "yoffset" : 2.765625,
            "scale" : 1.44632768362,
            "range" : 2.765625,
            "bounds" : [ 
                2.890625, 
                0, 
                6.09375, 
                16.59375
            ]
        },
        "59" : {
            "id" : 59,
            "letter" : ";",
            "x" : 341,
            "y" : 103,
            "width" : 32,
            "height" : 32,
            "xadvance" : 8.890625,
            "xoffset" : 9.73177083333,
            "yoffset" : 8.05208333333,
            "scale" : 1.13609467456,
            "range" : 3.52083333333,
            "bounds" : [ 
                2.65625, 
                -4.53125, 
                6.046875, 
                16.59375
            ]
        },
        "60" : {
            "id" : 60,
            "letter" : "<",
            "x" : 375,
            "y" : 103,
            "width" : 32,
            "height" : 32,
            "xadvance" : 18.6875,
            "xoffset" : 1.0078125,
            "yoffset" : -0.9453125,
            "scale" : 1.54682779456,
            "range" : 2.5859375,
            "bounds" : [ 
                1.75, 
                3.53125, 
                16.921875, 
                19.046875
            ]
        },
        "61" : {
            "id" : 61,
            "letter" : "=",
            "x" : 409,
            "y" : 103,
            "width" : 32,
            "height" : 32,
            "xadvance" : 18.6875,
            "xoffset" : 0.739583333333,
            "yoffset" : -1.22135416667,
            "scale" : 1.5867768595,
            "range" : 2.52083333333,
            "bounds" : [ 
                1.78125, 
                6.515625, 
                16.90625, 
                16.09375
            ]
        },
        "62" : {
            "id" : 62,
            "letter" : ">",
            "x" : 443,
            "y" : 103,
            "width" : 32,
            "height" : 32,
            "xadvance" : 18.6875,
            "xoffset" : 1.0078125,
            "yoffset" : -0.9453125,
            "scale" : 1.54682779456,
            "range" : 2.5859375,
            "bounds" : [ 
                1.75, 
                3.53125, 
                16.921875, 
                19.046875
            ]
        },
        "63" : {
            "id" : 63,
            "letter" : "?",
            "x" : 477,
            "y" : 103,
            "width" : 32,
            "height" : 32,
            "xadvance" : 17.796875,
            "xoffset" : 6.734375,
            "yoffset" : 3.8828125,
            "scale" : 1.03018108652,
            "range" : 3.8828125,
            "bounds" : [ 
                1.40625, 
                0, 
                16.1875, 
                23.296875
            ]
        },
        "64" : {
            "id" : 64,
            "letter" : "@",
            "x" : 1,
            "y" : 137,
            "width" : 32,
            "height" : 32,
            "xadvance" : 32.484375,
            "xoffset" : 3.51041666667,
            "yoffset" : 11.7447916667,
            "scale" : 0.798336798337,
            "range" : 5.01041666667,
            "bounds" : [ 
                1.734375, 
                -6.734375, 
                31.328125, 
                23.328125
            ]
        },
        "65" : {
            "id" : 65,
            "letter" : "A",
            "x" : 35,
            "y" : 137,
            "width" : 32,
            "height" : 32,
            "xadvance" : 21.34375,
            "xoffset" : 4.59895833333,
            "yoffset" : 3.81770833333,
            "scale" : 1.04774897681,
            "range" : 3.81770833333,
            "bounds" : [ 
                -0.046875, 
                0, 
                21.390625, 
                22.90625
            ]
        },
        "66" : {
            "id" : 66,
            "letter" : "B",
            "x" : 69,
            "y" : 137,
            "width" : 32,
            "height" : 32,
            "xadvance" : 21.34375,
            "xoffset" : 4.27864583333,
            "yoffset" : 3.81770833333,
            "scale" : 1.04774897681,
            "range" : 3.81770833333,
            "bounds" : [ 
                2.34375, 
                0, 
                19.640625, 
                22.90625
            ]
        },
        "67" : {
            "id" : 67,
            "letter" : "C",
            "x" : 103,
            "y" : 137,
            "width" : 32,
            "height" : 32,
            "xadvance" : 23.109375,
            "xoffset" : 4.07291666667,
            "yoffset" : 4.33854166667,
            "scale" : 1.01319261214,
            "range" : 3.94791666667,
            "bounds" : [ 
                1.59375, 
                -0.390625, 
                21.84375, 
                23.296875
            ]
        },
        "68" : {
            "id" : 68,
            "letter" : "D",
            "x" : 137,
            "y" : 137,
            "width" : 32,
            "height" : 32,
            "xadvance" : 23.109375,
            "xoffset" : 3.33333333333,
            "yoffset" : 3.81770833333,
            "scale" : 1.04774897681,
            "range" : 3.81770833333,
            "bounds" : [ 
                2.46875, 
                0, 
                21.40625, 
                22.90625
            ]
        },
        "69" : {
            "id" : 69,
            "letter" : "E",
            "x" : 171,
            "y" : 137,
            "width" : 32,
            "height" : 32,
            "xadvance" : 21.34375,
            "xoffset" : 4.19270833333,
            "yoffset" : 3.81770833333,
            "scale" : 1.04774897681,
            "range" : 3.81770833333,
            "bounds" : [ 
                2.53125, 
                0, 
                19.625, 
                22.90625
            ]
        },
        "70" : {
            "id" : 70,
            "letter" : "F",
            "x" : 205,
            "y" : 137,
            "width" : 32,
            "height" : 32,
            "xadvance" : 19.546875,
            "xoffset" : 4.91927083333,
            "yoffset" : 3.81770833333,
            "scale" : 1.04774897681,
            "range" : 3.81770833333,
            "bounds" : [ 
                2.625, 
                0, 
                18.078125, 
                22.90625
            ]
        },
        "71" : {
            "id" : 71,
            "letter" : "G",
            "x" : 239,
            "y" : 137,
            "width" : 32,
            "height" : 32,
            "xadvance" : 24.890625,
            "xoffset" : 3.49479166667,
            "yoffset" : 4.33854166667,
            "scale" : 1.01319261214,
            "range" : 3.94791666667,
            "bounds" : [ 
                1.703125, 
                -0.390625, 
                22.890625, 
                23.296875
            ]
        },
        "72" : {
            "id" : 72,
            "letter" : "H",
            "x" : 273,
            "y" : 137,
            "width" : 32,
            "height" : 32,
            "xadvance" : 23.109375,
            "xoffset" : 3.72395833333,
            "yoffset" : 3.81770833333,
            "scale" : 1.04774897681,
            "range" : 3.81770833333,
            "bounds" : [ 
                2.5625, 
                0, 
                20.53125, 
                22.90625
            ]
        },
        "73" : {
            "id" : 73,
            "letter" : "I",
            "x" : 307,
            "y" : 137,
            "width" : 32,
            "height" : 32,
            "xadvance" : 8.890625,
            "xoffset" : 10.7708333333,
            "yoffset" : 3.81770833333,
            "scale" : 1.04774897681,
            "range" : 3.81770833333,
            "bounds" : [ 
                2.984375, 
                0, 
                6.015625, 
                22.90625
            ]
        },
        "74" : {
            "id" : 74,
            "letter" : "J",
            "x" : 341,
            "y" : 137,
            "width" : 32,
            "height" : 32,
            "xadvance" : 16,
            "xoffset" : 8.31367924528,
            "yoffset" : 4.2734375,
            "scale" : 1.03018108652,
            "range" : 3.8828125,
            "bounds" : [ 
                0.919516509434, 
                -0.390625, 
                13.515625, 
                22.90625
            ]
        },
        "75" : {
            "id" : 75,
            "letter" : "K",
            "x" : 375,
            "y" : 137,
            "width" : 32,
            "height" : 32,
            "xadvance" : 21.34375,
            "xoffset" : 3.45833333333,
            "yoffset" : 3.81770833333,
            "scale" : 1.04774897681,
            "range" : 3.81770833333,
            "bounds" : [ 
                2.34375, 
                0, 
                21.28125, 
                22.90625
            ]
        },
        "76" : {
            "id" : 76,
            "letter" : "L",
            "x" : 409,
            "y" : 137,
            "width" : 32,
            "height" : 32,
            "xadvance" : 17.796875,
            "xoffset" : 5.77083333333,
            "yoffset" : 3.81770833333,
            "scale" : 1.04774897681,
            "range" : 3.81770833333,
            "bounds" : [ 
                2.34375, 
                0, 
                16.65625, 
                22.90625
            ]
        },
        "77" : {
            "id" : 77,
            "letter" : "M",
            "x" : 443,
            "y" : 137,
            "width" : 32,
            "height" : 32,
            "xadvance" : 26.65625,
            "xoffset" : 1.96614583333,
            "yoffset" : 3.81770833333,
            "scale" : 1.04774897681,
            "range" : 3.81770833333,
            "bounds" : [ 
                2.375, 
                0, 
                24.234375, 
                22.90625
            ]
        },
        "78" : {
            "id" : 78,
            "letter" : "N",
            "x" : 477,
            "y" : 137,
            "width" : 32,
            "height" : 32,
            "xadvance" : 23.109375,
            "xoffset" : 3.80989583333,
            "yoffset" : 3.81770833333,
            "scale" : 1.04774897681,
            "range" : 3.81770833333,
            "bounds" : [ 
                2.4375, 
                0, 
                20.484375, 
                22.90625
            ]
        },
        "79" : {
            "id" : 79,
            "letter" : "O",
            "x" : 1,
            "y" : 171,
            "width" : 32,
            "height" : 32,
            "xadvance" : 24.890625,
            "xoffset" : 3.30208333333,
            "yoffset" : 4.34114583333,
            "scale" : 1.01252471984,
            "range" : 3.95052083333,
            "bounds" : [ 
                1.546875, 
                -0.390625, 
                23.453125, 
                23.3125
            ]
        },
        "80" : {
            "id" : 80,
            "letter" : "P",
            "x" : 35,
            "y" : 171,
            "width" : 32,
            "height" : 32,
            "xadvance" : 21.34375,
            "xoffset" : 4.05989583333,
            "yoffset" : 3.81770833333,
            "scale" : 1.04774897681,
            "range" : 3.81770833333,
            "bounds" : [ 
                2.46875, 
                0, 
                19.953125, 
                22.90625
            ]
        },
        "81" : {
            "id" : 81,
            "letter" : "Q",
            "x" : 69,
            "y" : 171,
            "width" : 32,
            "height" : 32,
            "xadvance" : 24.890625,
            "xoffset" : 4.18229166667,
            "yoffset" : 5.96354166667,
            "scale" : 0.956413449564,
            "range" : 4.18229166667,
            "bounds" : [ 
                1.375, 
                -1.78125, 
                23.71875, 
                23.3125
            ]
        },
        "82" : {
            "id" : 82,
            "letter" : "R",
            "x" : 103,
            "y" : 171,
            "width" : 32,
            "height" : 32,
            "xadvance" : 23.109375,
            "xoffset" : 2.66145833333,
            "yoffset" : 3.81770833333,
            "scale" : 1.04774897681,
            "range" : 3.81770833333,
            "bounds" : [ 
                2.515625, 
                0, 
                22.703125, 
                22.90625
            ]
        },
        "83" : {
            "id" : 83,
            "letter" : "S",
            "x" : 137,
            "y" : 171,
            "width" : 32,
            "height" : 32,
            "xadvance" : 21.34375,
            "xoffset" : 5.23697916667,
            "yoffset" : 4.33854166667,
            "scale" : 1.01319261214,
            "range" : 3.94791666667,
            "bounds" : [ 
                1.4375, 
                -0.390625, 
                19.671875, 
                23.296875
            ]
        },
        "84" : {
            "id" : 84,
            "letter" : "T",
            "x" : 171,
            "y" : 171,
            "width" : 32,
            "height" : 32,
            "xadvance" : 19.546875,
            "xoffset" : 5.44270833333,
            "yoffset" : 3.81770833333,
            "scale" : 1.04774897681,
            "range" : 3.81770833333,
            "bounds" : [ 
                0.75, 
                0, 
                18.90625, 
                22.90625
            ]
        },
        "85" : {
            "id" : 85,
            "letter" : "U",
            "x" : 205,
            "y" : 171,
            "width" : 32,
            "height" : 32,
            "xadvance" : 23.109375,
            "xoffset" : 4.0078125,
            "yoffset" : 4.2734375,
            "scale" : 1.03018108652,
            "range" : 3.8828125,
            "bounds" : [ 
                2.515625, 
                -0.390625, 
                20.53125, 
                22.90625
            ]
        },
        "86" : {
            "id" : 86,
            "letter" : "V",
            "x" : 239,
            "y" : 171,
            "width" : 32,
            "height" : 32,
            "xadvance" : 21.34375,
            "xoffset" : 4.65364583333,
            "yoffset" : 3.81770833333,
            "scale" : 1.04774897681,
            "range" : 3.81770833333,
            "bounds" : [ 
                0.140625, 
                0, 
                21.09375, 
                22.90625
            ]
        },
        "87" : {
            "id" : 87,
            "letter" : "W",
            "x" : 273,
            "y" : 171,
            "width" : 32,
            "height" : 32,
            "xadvance" : 30.203125,
            "xoffset" : 4.51822916667,
            "yoffset" : 8.18229166667,
            "scale" : 0.814854111406,
            "range" : 4.90885416667,
            "bounds" : [ 
                0.390625, 
                0, 
                29.84375, 
                22.90625
            ]
        },
        "88" : {
            "id" : 88,
            "letter" : "X",
            "x" : 307,
            "y" : 171,
            "width" : 32,
            "height" : 32,
            "xadvance" : 21.34375,
            "xoffset" : 4.63020833333,
            "yoffset" : 3.81770833333,
            "scale" : 1.04774897681,
            "range" : 3.81770833333,
            "bounds" : [ 
                0.140625, 
                0, 
                21.140625, 
                22.90625
            ]
        },
        "89" : {
            "id" : 89,
            "letter" : "Y",
            "x" : 341,
            "y" : 171,
            "width" : 32,
            "height" : 32,
            "xadvance" : 21.34375,
            "xoffset" : 4.67708333333,
            "yoffset" : 3.81770833333,
            "scale" : 1.04774897681,
            "range" : 3.81770833333,
            "bounds" : [ 
                0.09375, 
                0, 
                21.09375, 
                22.90625
            ]
        },
        "90" : {
            "id" : 90,
            "letter" : "Z",
            "x" : 375,
            "y" : 171,
            "width" : 32,
            "height" : 32,
            "xadvance" : 19.546875,
            "xoffset" : 5.57552083333,
            "yoffset" : 3.81770833333,
            "scale" : 1.04774897681,
            "range" : 3.81770833333,
            "bounds" : [ 
                0.640625, 
                0, 
                18.75, 
                22.90625
            ]
        },
        "91" : {
            "id" : 91,
            "letter" : "[",
            "x" : 409,
            "y" : 171,
            "width" : 32,
            "height" : 32,
            "xadvance" : 8.890625,
            "xoffset" : 14.2369791667,
            "yoffset" : 11.2369791667,
            "scale" : 0.820074746396,
            "range" : 4.87760416667,
            "bounds" : [ 
                2.171875, 
                -6.359375, 
                8.375, 
                22.90625
            ]
        },
        "92" : {
            "id" : 92,
            "letter" : "\\",
            "x" : 443,
            "y" : 171,
            "width" : 32,
            "height" : 32,
            "xadvance" : 8.890625,
            "xoffset" : 11.3463541667,
            "yoffset" : 4.33854166667,
            "scale" : 1.01319261214,
            "range" : 3.94791666667,
            "bounds" : [ 
                0, 
                -0.390625, 
                8.890625, 
                23.296875
            ]
        },
        "93" : {
            "id" : 93,
            "letter" : "]",
            "x" : 477,
            "y" : 171,
            "width" : 32,
            "height" : 32,
            "xadvance" : 8.890625,
            "xoffset" : 15.7994791667,
            "yoffset" : 11.2369791667,
            "scale" : 0.820074746396,
            "range" : 4.87760416667,
            "bounds" : [ 
                0.609375, 
                -6.359375, 
                6.8125, 
                22.90625
            ]
        },
        "94" : {
            "id" : 94,
            "letter" : "^",
            "x" : 1,
            "y" : 205,
            "width" : 32,
            "height" : 32,
            "xadvance" : 15.015625,
            "xoffset" : 1.37760416667,
            "yoffset" : -8.15364583333,
            "scale" : 1.80070339977,
            "range" : 2.22135416667,
            "bounds" : [ 
                0.84375, 
                10.78125, 
                14.171875, 
                23.296875
            ]
        },
        "95" : {
            "id" : 95,
            "letter" : "_",
            "x" : 35,
            "y" : 205,
            "width" : 32,
            "height" : 32,
            "xadvance" : 17.796875,
            "xoffset" : 3.59114583333,
            "yoffset" : 17.7708333333,
            "scale" : 1.28751047779,
            "range" : 3.10677083333,
            "bounds" : [ 
                -0.484375, 
                -6.359375, 
                18.15625, 
                -4.328125
            ]
        },
        "96" : {
            "id" : 96,
            "letter" : "`",
            "x" : 69,
            "y" : 205,
            "width" : 32,
            "height" : 32,
            "xadvance" : 10.65625,
            "xoffset" : -0.411458333333,
            "yoffset" : -16.9270833333,
            "scale" : 4.08510638298,
            "range" : 0.979166666667,
            "bounds" : [ 
                1.390625, 
                18.65625, 
                7.265625, 
                23.03125
            ]
        },
        "97" : {
            "id" : 97,
            "letter" : "a",
            "x" : 103,
            "y" : 205,
            "width" : 32,
            "height" : 32,
            "xadvance" : 17.796875,
            "xoffset" : 2.765625,
            "yoffset" : 3.265625,
            "scale" : 1.38378378378,
            "range" : 2.890625,
            "bounds" : [ 
                1.15625, 
                -0.375, 
                16.4375, 
                16.96875
            ]
        },
        "98" : {
            "id" : 98,
            "letter" : "b",
            "x" : 137,
            "y" : 205,
            "width" : 32,
            "height" : 32,
            "xadvance" : 17.796875,
            "xoffset" : 6.23177083333,
            "yoffset" : 4.25520833333,
            "scale" : 1.03087248322,
            "range" : 3.88020833333,
            "bounds" : [ 
                2.09375, 
                -0.375, 
                16.484375, 
                22.90625
            ]
        },
        "99" : {
            "id" : 99,
            "letter" : "c",
            "x" : 171,
            "y" : 205,
            "width" : 32,
            "height" : 32,
            "xadvance" : 16,
            "xoffset" : 3.0859375,
            "yoffset" : 3.265625,
            "scale" : 1.38378378378,
            "range" : 2.890625,
            "bounds" : [ 
                1.25, 
                -0.375, 
                15.703125, 
                16.96875
            ]
        },
        "100" : {
            "id" : 100,
            "letter" : "d",
            "x" : 1,
            "y" : 1,
            "width" : 32,
            "height" : 32,
            "xadvance" : 17.796875,
            "xoffset" : 7.23177083333,
            "yoffset" : 4.25520833333,
            "scale" : 1.03087248322,
            "range" : 3.88020833333,
            "bounds" : [ 
                1.09375, 
                -0.375, 
                15.484375, 
                22.90625
            ]
        },
        "101" : {
            "id" : 101,
            "letter" : "e",
            "x" : 35,
            "y" : 1,
            "width" : 32,
            "height" : 32,
            "xadvance" : 17.796875,
            "xoffset" : 2.7421875,
            "yoffset" : 3.265625,
            "scale" : 1.38378378378,
            "range" : 2.890625,
            "bounds" : [ 
                1.171875, 
                -0.375, 
                16.46875, 
                16.96875
            ]
        },
        "102" : {
            "id" : 102,
            "letter" : "f",
            "x" : 69,
            "y" : 1,
            "width" : 32,
            "height" : 32,
            "xadvance" : 8.890625,
            "xoffset" : 10.3828125,
            "yoffset" : 3.8828125,
            "scale" : 1.03018108652,
            "range" : 3.8828125,
            "bounds" : [ 
                0.296875, 
                0, 
                10, 
                23.296875
            ]
        },
        "103" : {
            "id" : 103,
            "letter" : "g",
            "x" : 103,
            "y" : 1,
            "width" : 32,
            "height" : 32,
            "xadvance" : 17.796875,
            "xoffset" : 7.45833333333,
            "yoffset" : 10.6848958333,
            "scale" : 1.01252471984,
            "range" : 3.95052083333,
            "bounds" : [ 
                1.03125, 
                -6.734375, 
                15.65625, 
                16.96875
            ]
        },
        "104" : {
            "id" : 104,
            "letter" : "h",
            "x" : 137,
            "y" : 1,
            "width" : 32,
            "height" : 32,
            "xadvance" : 17.796875,
            "xoffset" : 6.40364583333,
            "yoffset" : 3.81770833333,
            "scale" : 1.04774897681,
            "range" : 3.81770833333,
            "bounds" : [ 
                2.109375, 
                0, 
                15.625, 
                22.90625
            ]
        },
        "105" : {
            "id" : 105,
            "letter" : "i",
            "x" : 171,
            "y" : 1,
            "width" : 32,
            "height" : 32,
            "xadvance" : 7.109375,
            "xoffset" : 11.7395833333,
            "yoffset" : 3.81770833333,
            "scale" : 1.04774897681,
            "range" : 3.81770833333,
            "bounds" : [ 
                2.125, 
                0, 
                4.9375, 
                22.90625
            ]
        },
        "106" : {
            "id" : 106,
            "letter" : "j",
            "x" : 205,
            "y" : 1,
            "width" : 32,
            "height" : 32,
            "xadvance" : 7.109375,
            "xoffset" : 18.0416666667,
            "yoffset" : 11.6744791667,
            "scale" : 0.809699525567,
            "range" : 4.94010416667,
            "bounds" : [ 
                -1.46875, 
                -6.734375, 
                4.90625, 
                22.90625
            ]
        },
        "107" : {
            "id" : 107,
            "letter" : "k",
            "x" : 239,
            "y" : 1,
            "width" : 32,
            "height" : 32,
            "xadvance" : 16,
            "xoffset" : 6.27083333333,
            "yoffset" : 3.81770833333,
            "scale" : 1.04774897681,
            "range" : 3.81770833333,
            "bounds" : [ 
                2.125, 
                0, 
                15.875, 
                22.90625
            ]
        },
        "108" : {
            "id" : 108,
            "letter" : "l",
            "x" : 273,
            "y" : 1,
            "width" : 32,
            "height" : 32,
            "xadvance" : 7.109375,
            "xoffset" : 11.8177083333,
            "yoffset" : 3.81770833333,
            "scale" : 1.04774897681,
            "range" : 3.81770833333,
            "bounds" : [ 
                2.046875, 
                0, 
                4.859375, 
                22.90625
            ]
        },
        "109" : {
            "id" : 109,
            "letter" : "m",
            "x" : 307,
            "y" : 1,
            "width" : 32,
            "height" : 32,
            "xadvance" : 26.65625,
            "xoffset" : 1.63802083333,
            "yoffset" : 6.50520833333,
            "scale" : 1.06740792217,
            "range" : 3.74739583333,
            "bounds" : [ 
                2.109375, 
                0, 
                24.59375, 
                16.96875
            ]
        },
        "110" : {
            "id" : 110,
            "letter" : "n",
            "x" : 341,
            "y" : 1,
            "width" : 32,
            "height" : 32,
            "xadvance" : 17.796875,
            "xoffset" : 2.4609375,
            "yoffset" : 2.828125,
            "scale" : 1.41436464088,
            "range" : 2.828125,
            "bounds" : [ 
                2.109375, 
                0, 
                15.59375, 
                16.96875
            ]
        },
        "111" : {
            "id" : 111,
            "letter" : "o",
            "x" : 375,
            "y" : 1,
            "width" : 32,
            "height" : 32,
            "xadvance" : 17.796875,
            "xoffset" : 2.7265625,
            "yoffset" : 3.265625,
            "scale" : 1.38378378378,
            "range" : 2.890625,
            "bounds" : [ 
                1.0625, 
                -0.375, 
                16.609375, 
                16.96875
            ]
        },
        "112" : {
            "id" : 112,
            "letter" : "p",
            "x" : 409,
            "y" : 1,
            "width" : 32,
            "height" : 32,
            "xadvance" : 17.796875,
            "xoffset" : 6.23958333333,
            "yoffset" : 10.2473958333,
            "scale" : 1.02880107167,
            "range" : 3.88802083333,
            "bounds" : [ 
                2.109375, 
                -6.359375, 
                16.515625, 
                16.96875
            ]
        },
        "113" : {
            "id" : 113,
            "letter" : "q",
            "x" : 443,
            "y" : 1,
            "width" : 32,
            "height" : 32,
            "xadvance" : 17.796875,
            "xoffset" : 7.23958333333,
            "yoffset" : 10.2473958333,
            "scale" : 1.02880107167,
            "range" : 3.88802083333,
            "bounds" : [ 
                1.125, 
                -6.359375, 
                15.5, 
                16.96875
            ]
        },
        "114" : {
            "id" : 114,
            "letter" : "r",
            "x" : 477,
            "y" : 1,
            "width" : 32,
            "height" : 32,
            "xadvance" : 10.65625,
            "xoffset" : 4.7265625,
            "yoffset" : 2.828125,
            "scale" : 1.41436464088,
            "range" : 2.828125,
            "bounds" : [ 
                2.078125, 
                0, 
                11.09375, 
                16.96875
            ]
        },
        "115" : {
            "id" : 115,
            "letter" : "s",
            "x" : 1,
            "y" : 35,
            "width" : 32,
            "height" : 32,
            "xadvance" : 16,
            "xoffset" : 3.6875,
            "yoffset" : 3.265625,
            "scale" : 1.38378378378,
            "range" : 2.890625,
            "bounds" : [ 
                0.984375, 
                -0.375, 
                14.765625, 
                16.96875
            ]
        },
        "116" : {
            "id" : 116,
            "letter" : "t",
            "x" : 35,
            "y" : 35,
            "width" : 32,
            "height" : 32,
            "xadvance" : 8.890625,
            "xoffset" : 10.4635416667,
            "yoffset" : 3.98697916667,
            "scale" : 1.06150656531,
            "range" : 3.76822916667,
            "bounds" : [ 
                0.5625, 
                -0.21875, 
                8.65625, 
                22.390625
            ]
        },
        "117" : {
            "id" : 117,
            "letter" : "u",
            "x" : 69,
            "y" : 35,
            "width" : 32,
            "height" : 32,
            "xadvance" : 17.796875,
            "xoffset" : 2.5390625,
            "yoffset" : 3.203125,
            "scale" : 1.41436464088,
            "range" : 2.828125,
            "bounds" : [ 
                2.046875, 
                -0.375, 
                15.5, 
                16.59375
            ]
        },
        "118" : {
            "id" : 118,
            "letter" : "v",
            "x" : 103,
            "y" : 35,
            "width" : 32,
            "height" : 32,
            "xadvance" : 16,
            "xoffset" : 3.046875,
            "yoffset" : 2.765625,
            "scale" : 1.44632768362,
            "range" : 2.765625,
            "bounds" : [ 
                0.40625, 
                0, 
                15.625, 
                16.59375
            ]
        },
        "119" : {
            "id" : 119,
            "letter" : "w",
            "x" : 137,
            "y" : 35,
            "width" : 32,
            "height" : 32,
            "xadvance" : 23.109375,
            "xoffset" : 3.70052083333,
            "yoffset" : 6.88020833333,
            "scale" : 1.05422100206,
            "range" : 3.79427083333,
            "bounds" : [ 
                0.09375, 
                0, 
                22.859375, 
                16.59375
            ]
        },
        "120" : {
            "id" : 120,
            "letter" : "x",
            "x" : 171,
            "y" : 35,
            "width" : 32,
            "height" : 32,
            "xadvance" : 16,
            "xoffset" : 3.0625,
            "yoffset" : 2.765625,
            "scale" : 1.44632768362,
            "range" : 2.765625,
            "bounds" : [ 
                0.234375, 
                0, 
                15.765625, 
                16.59375
            ]
        },
        "121" : {
            "id" : 121,
            "letter" : "y",
            "x" : 205,
            "y" : 35,
            "width" : 32,
            "height" : 32,
            "xadvance" : 16,
            "xoffset" : 7.43489583333,
            "yoffset" : 10.6223958333,
            "scale" : 1.02880107167,
            "range" : 3.88802083333,
            "bounds" : [ 
                0.515625, 
                -6.734375, 
                15.71875, 
                16.59375
            ]
        },
        "122" : {
            "id" : 122,
            "letter" : "z",
            "x" : 239,
            "y" : 35,
            "width" : 32,
            "height" : 32,
            "xadvance" : 16,
            "xoffset" : 3.09375,
            "yoffset" : 2.765625,
            "scale" : 1.44632768362,
            "range" : 2.765625,
            "bounds" : [ 
                0.625, 
                0, 
                15.3125, 
                16.59375
            ]
        },
        "123" : {
            "id" : 123,
            "letter" : "{",
            "x" : 273,
            "y" : 35,
            "width" : 32,
            "height" : 32,
            "xadvance" : 10.6875,
            "xoffset" : 14.6067708333,
            "yoffset" : 11.7395833333,
            "scale" : 0.799167533819,
            "range" : 5.00520833333,
            "bounds" : [ 
                0.890625, 
                -6.734375, 
                9.9375, 
                23.296875
            ]
        },
        "124" : {
            "id" : 124,
            "letter" : "|",
            "x" : 307,
            "y" : 35,
            "width" : 32,
            "height" : 32,
            "xadvance" : 8.3125,
            "xoffset" : 15.8567708333,
            "yoffset" : 11.7395833333,
            "scale" : 0.799167533819,
            "range" : 5.00520833333,
            "bounds" : [ 
                2.9375, 
                -6.734375, 
                5.390625, 
                23.296875
            ]
        },
        "125" : {
            "id" : 125,
            "letter" : "}",
            "x" : 341,
            "y" : 35,
            "width" : 32,
            "height" : 32,
            "xadvance" : 10.6875,
            "xoffset" : 14.7630208333,
            "yoffset" : 11.7395833333,
            "scale" : 0.799167533819,
            "range" : 5.00520833333,
            "bounds" : [ 
                0.734375, 
                -6.734375, 
                9.78125, 
                23.296875
            ]
        },
        "126" : {
            "id" : 126,
            "letter" : "~",
            "x" : 375,
            "y" : 35,
            "width" : 32,
            "height" : 32,
            "xadvance" : 18.6875,
            "xoffset" : 1.3046875,
            "yoffset" : -0.609375,
            "scale" : 1.50146627566,
            "range" : 2.6640625,
            "bounds" : [ 
                1.359375, 
                8.703125, 
                17.34375, 
                13.828125
            ]
        },
        "201" : {
            "id" : 201,
            "letter" : "É",
            "x" : 409,
            "y" : 35,
            "width" : 32,
            "height" : 32,
            "xadvance" : 21.34375,
            "xoffset" : 8.046875,
            "yoffset" : 4.78125,
            "scale" : 0.83660130719,
            "range" : 4.78125,
            "bounds" : [ 
                2.53125, 
                0, 
                19.625, 
                28.6875
            ]
        }
    }
}