{"mapping_format": "path", "name": "Playbot_head", "parameters": [{"type": "boolean", "data": false, "name": "ambientTint"}, {"type": "vec3", "data": [0.5843137502670288, 0.5843137502670288, 0.5843137502670288], "name": "ambient"}, {"type": "float", "data": 0, "name": "aoUvSet"}, {"type": "texture", "data": "../11250/head_clean.png", "name": "diffuseMap"}, {"type": "vec2", "data": [1, 1], "name": "diffuseMapTiling"}, {"type": "vec2", "data": [0, 0], "name": "diffuseMapOffset"}, {"type": "boolean", "data": false, "name": "diffuseMapTint"}, {"type": "vec3", "data": [1, 1, 1], "name": "diffuse"}, {"type": "vec2", "data": [1, 1], "name": "specularMapTiling"}, {"type": "vec2", "data": [0, 0], "name": "specularMapOffset"}, {"type": "boolean", "data": false, "name": "specularMapTint"}, {"type": "vec3", "data": [0.8980392217636108, 0.8980392217636108, 0.8980392217636108], "name": "specular"}, {"type": "float", "data": 1024, "name": "shininess"}, {"type": "vec2", "data": [1, 1], "name": "glossMapTiling"}, {"type": "vec2", "data": [0, 0], "name": "glossMapOffset"}, {"type": "float", "data": 0, "name": "specularModel"}, {"type": "float", "data": 0, "name": "fresnelModel"}, {"type": "boolean", "data": true, "name": "conserveEnergy"}, {"type": "texture", "data": "../11248/head_E.png", "name": "emissiveMap"}, {"type": "vec2", "data": [1, 1], "name": "emissiveMapTiling"}, {"type": "vec2", "data": [0, 0], "name": "emissiveMapOffset"}, {"type": "boolean", "data": false, "name": "emissiveMapTint"}, {"type": "vec3", "data": [1, 1, 1], "name": "emissive"}, {"type": "float", "data": 1, "name": "opacity"}, {"type": "vec2", "data": [1, 1], "name": "opacityMapTiling"}, {"type": "vec2", "data": [0, 0], "name": "opacityMapOffset"}, {"type": "float", "data": 0.3, "name": "bumpMapFactor"}, {"type": "texture", "data": "../11260/head_N_clean.png", "name": "normalMap"}, {"type": "vec2", "data": [1, 1], "name": "normalMapTiling"}, {"type": "vec2", "data": [0, 0], "name": "normalMapOffset"}, {"type": "boolean", "data": true, "name": "specularAntialias"}, {"type": "vec2", "data": [1, 1], "name": "heightMapTiling"}, {"type": "vec2", "data": [0, 0], "name": "heightMapOffset"}, {"type": "float", "data": 0.2, "name": "reflectivity"}, {"type": "texture", "data": "../11258/env_01.png", "name": "sphereMap"}, {"type": "boolean", "data": true, "name": "depthTest"}, {"type": "boolean", "data": true, "name": "depthWrite"}, {"type": "float", "data": 1, "name": "cull"}, {"type": "float", "data": 3, "name": "blendType"}], "shader": "phong"}